[
    {
        "id": 1,
        "title": "",
        "src": "/images/home/img1.png",
        "row": "1",
        "order": ""
    },
    {
        "id": 2,
        "title": "",
        "src": "/images/home/img2.png",
        "row": "1",
        "order": ""
    },
    {
        "id": 3,
        "title": "",
        "src": "/images/home/img3.png",
        "row": "1",
        "order": ""
    },
    {
        "id": 4,
        "title": "Jorge",
        "src": "/images/home/img4.jpeg",
        "row": "1",
        "order": ""
    },
    {
        "id": 5,
        "title": "",
        "src": "/images/home/img5.png",
        "row": "1",
        "order": ""
    },
    {
        "id": 6,
        "title": "",
        "src": "/images/home/img6.png",
        "row": "1",
        "order": ""
    },
    {
        "id": 7,
        "title": "",
        "src": "/images/home/img_7.jpg",
        "row": "2",
        "order": ""
    },
    {
        "id": 8,
        "title": "",
        "src": "/images/home/img_8.png",
        "row": "2",
        "order": ""
    },
    {
        "id": 9,
        "title": "",
        "src": "/images/home/img_9.png",
        "row": "2",
        "order": ""
    },
    {
        "id": 10,
        "title": "Jorge",
        "src": "/images/home/img_10.jpeg",
        "row": "2",
        "order": ""
    },
    {
        "id": 11,
        "title": "",
        "src": "/images/home/img_11.jpeg",
        "row": "2",
        "order": ""
    },
    {
        "id": 12,
        "title": "",
        "src": "/images/home/img_12.png",
        "row": "2",
        "order": ""
    },
    {
        "id": 13,
        "title": "",
        "src": "/images/home/img7.png",
        "row": "1",
        "order": ""
    },
    {
        "id": 14,
        "title": "",
        "src": "/images/home/img8.png",
        "row": "1",
        "order": ""
    },
    {
        "id": 15,
        "title": "",
        "src": "/images/home/img9.png",
        "row": "1",
        "order": ""
    },
    {
        "id": 16,
        "title": "",
        "src": "/images/home/img_13.png",
        "row": "2",
        "order": ""
    },
    {
        "id": 17,
        "title": "",
        "src": "/images/home/img_14.png",
        "row": "2",
        "order": ""
    },
    {
        "id": 18,
        "title": "",
        "src": "/images/home/img-15.png",
        "row": "3",
        "order": ""
    },
    {
        "id": 19,
        "title": "",
        "src": "/images/home/img-16.gif",
        "row": "3",
        "order": ""
    },
    {
        "id": 20,
        "title": "",
        "src": "/images/home/img-17.png",
        "row": "3",
        "order": ""
    },
    {
        "id": 21,
        "title": "",
        "src": "/images/home/img-18.gif",
        "row": "3",
        "order": ""
    },
    {
        "id": 22,
        "title": "",
        "src": "/images/home/img-19.jpg",
        "row": "3",
        "order": ""
    },
    {
        "id": 23,
        "title": "",
        "src": "/images/home/img-20.jpg",
        "row": "3",
        "order": ""
    },
    {
        "id": 24,
        "title": "",
        "src": "/images/home/img-21.png",
        "row": "3",
        "order": ""
    },
    {
        "id": 25,
        "title": "",
        "src": "/images/home/img-22.png",
        "row": "3",
        "order": ""
    }
]