{   
    "about" : {
        "row_1" : [
            {
                "id": 1,
                "title": "Pulp Fiction",
                "src": "python",
                "order": ""
            },
            {
                "id": 2,
                "title": "George Farquad",
                "src": "javascript",
                "order": ""
            },
            {
                "id": 3,
                "title": "Luisao",
                "src": "C++",
                "order": ""
            }
        ],
        "row_2" : [
            {
                "id": 1,
                "title": "title-1",
                "src": "src1",
                "alt": ""
                },
                {
                "id": 2,
                "title": "title-2",
                "src": "src2",
                "alt": ""
                },
                {
                "id": 3,
                "title": "title-3",
                "src": "src3",
                "alt": ""
                }
            ]
    }
}